{
  "primary": "val_soundscape_macro_roc_auc",
  "primary_value": 0.6650421336654098,
  "metrics": {
    "soundscape_macro_roc_auc": 0.9917820408185724,
    "padded_cmap": 0.062389647414857294,
    "prior_fusion_macro_roc_auc": 0.4872921815675346,
    "oof_probe_macro_roc_auc": 0.5200650545811112,
    "val_soundscape_macro_roc_auc": 0.6650421336654098,
    "val_prior_fusion_macro_roc_auc": 0.6622119211132254
  }
}