{
  "primary": "val_soundscape_macro_roc_auc",
  "primary_value": 0.6726671893669534,
  "metrics": {
    "soundscape_macro_roc_auc": 0.9972174454691285,
    "padded_cmap": 0.057084085839895445,
    "prior_fusion_macro_roc_auc": 0.4872921815675346,
    "oof_probe_macro_roc_auc": 0.5199012896336128,
    "val_soundscape_macro_roc_auc": 0.6726671893669534,
    "val_prior_fusion_macro_roc_auc": 0.6622119211132254
  }
}