{
  "primary": "val_soundscape_macro_roc_auc",
  "primary_value": 0.6649218274358575,
  "metrics": {
    "soundscape_macro_roc_auc": 0.9917962737271673,
    "padded_cmap": 0.062459648467587774,
    "prior_fusion_macro_roc_auc": 0.4872921815675346,
    "oof_probe_macro_roc_auc": 0.5200037034712385,
    "val_soundscape_macro_roc_auc": 0.6649218274358575,
    "val_prior_fusion_macro_roc_auc": 0.6622119211132254
  }
}