{
  "primary": "val_soundscape_macro_roc_auc",
  "primary_value": 0.6650781420618257,
  "metrics": {
    "soundscape_macro_roc_auc": 0.9917843019958474,
    "padded_cmap": 0.06236201378183505,
    "prior_fusion_macro_roc_auc": 0.4872921815675346,
    "oof_probe_macro_roc_auc": 0.5198328180376381,
    "val_soundscape_macro_roc_auc": 0.6650781420618257,
    "val_prior_fusion_macro_roc_auc": 0.6622119211132254
  }
}