{
  "primary": "val_soundscape_macro_roc_auc",
  "primary_value": 0.6651564148629492,
  "metrics": {
    "soundscape_macro_roc_auc": 0.991783713272909,
    "padded_cmap": 0.06240246910137375,
    "prior_fusion_macro_roc_auc": 0.4872921815675346,
    "oof_probe_macro_roc_auc": 0.5200522594166115,
    "val_soundscape_macro_roc_auc": 0.6651564148629492,
    "val_prior_fusion_macro_roc_auc": 0.6622119211132254
  }
}