{
  "primary": "val_soundscape_macro_roc_auc",
  "primary_value": 0.6647655401194675,
  "metrics": {
    "soundscape_macro_roc_auc": 0.9917797885609636,
    "padded_cmap": 0.062420468209544416,
    "prior_fusion_macro_roc_auc": 0.4872921815675346,
    "oof_probe_macro_roc_auc": 0.5197304144994654,
    "val_soundscape_macro_roc_auc": 0.6647655401194675,
    "val_prior_fusion_macro_roc_auc": 0.6622119211132254
  }
}